105,405,73432141530,73432141532,1,20151001,20991231,1,1
105,405,73432141536,73432141537,1,20151001,20991231,1,1
105,405,73432141539,73432141540,1,20151001,20991231,1,1
105,405,73432141542,73432141543,1,20151001,20991231,1,1
105,405,73432141544,73432141544,1,20151001,20991231,1,1
105,405,73432141546,73432141549,1,20151001,20991231,1,1
105,405,73432141553,73432141553,1,20151001,20991231,1,1
105,405,73432141555,73432141556,1,20151001,20991231,1,1
105,405,73432141557,73432141559,1,20151001,20991231,1,1
105,405,73432141561,73432141561,1,20151001,20991231,1,1
105,405,73432141562,73432141562,1,20151001,20991231,1,1
105,405,73432141563,73432141563,1,20151001,20991231,1,1
105,405,73432141564,73432141565,1,20151001,20991231,1,1
105,405,73432141566,73432141567,1,20151001,20991231,1,1
105,405,73432141569,73432141571,1,20151001,20991231,1,1
105,405,73432141574,73432141574,1,20151001,20991231,1,1
105,405,73432141578,73432141578,1,20151001,20991231,1,1
105,405,73432141580,73432141581,1,20151001,20991231,1,1
105,405,73432141583,73432141584,1,20151001,20991231,1,1
105,405,73432141588,73432141590,1,20151001,20991231,1,1
105,405,73432141592,73432141593,1,20151001,20991231,1,1
105,405,73432141595,73432141595,1,20151001,20991231,1,1
105,405,73432141596,73432141596,1,20151001,20991231,1,1
105,405,73432141597,73432141598,1,20151001,20991231,1,1
105,405,73432141633,73432141634,1,20151001,20991231,1,1
105,405,73432141638,73432141638,1,20151001,20991231,1,1
105,405,73432141641,73432141644,1,20151001,20991231,1,1
105,405,73432141646,73432141646,1,20151001,20991231,1,1
105,405,73432141648,73432141651,1,20151001,20991231,1,1
105,405,73432141653,73432141653,1,20151001,20991231,1,1
105,405,73432141654,73432141654,1,20151001,20991231,1,1
105,405,73432141655,73432141655,1,20151001,20991231,1,1
105,405,73432141657,73432141657,1,20151001,20991231,1,1
105,405,73432141659,73432141662,1,20151001,20991231,1,1
105,405,73432141665,73432141665,1,20151001,20991231,1,1
105,405,73432141668,73432141668,1,20151001,20991231,1,1
105,405,73432141670,73432141670,1,20151001,20991231,1,1
105,405,73432141671,73432141672,1,20151001,20991231,1,1
105,405,73432141674,73432141676,1,20151001,20991231,1,1
105,405,73432141677,73432141677,1,20151001,20991231,1,1
105,405,73432141679,73432141680,1,20151001,20991231,1,1
105,405,73432141681,73432141681,1,20151001,20991231,1,1
105,405,73432141683,73432141688,1,20151001,20991231,1,1
105,405,73432141689,73432141690,1,20151001,20991231,1,1
105,405,73432141691,73432141693,1,20151001,20991231,1,1
105,405,73432141695,73432141695,1,20151001,20991231,1,1
105,405,73432141698,73432141698,1,20151001,20991231,1,1
105,405,73432141703,73432141703,1,20151001,20991231,1,1
105,405,73432141705,73432141706,1,20151001,20991231,1,1
105,405,73432141708,73432141708,1,20151001,20991231,1,1
105,405,73432141710,73432141710,1,20151001,20991231,1,1
105,405,73432141712,73432141715,1,20151001,20991231,1,1
105,405,73432141718,73432141720,1,20151001,20991231,1,1
105,405,73432141723,73432141723,1,20151001,20991231,1,1
105,405,73432141725,73432141725,1,20151001,20991231,1,1
105,405,73432141726,73432141726,1,20151001,20991231,1,1
105,405,73432141728,73432141728,1,20151001,20991231,1,1
105,405,73432141729,73432141729,1,20151001,20991231,1,1
105,405,73432141733,73432141733,1,20151001,20991231,1,1
105,405,73432141735,73432141735,1,20151001,20991231,1,1
105,405,73432141736,73432141737,1,20151001,20991231,1,1
105,405,73432141740,73432141741,1,20151001,20991231,1,1
105,405,73432141743,73432141743,1,20151001,20991231,1,1
105,405,73432141745,73432141745,1,20151001,20991231,1,1
105,405,73432141747,73432141747,1,20151001,20991231,1,1
105,405,73432141748,73432141748,1,20151001,20991231,1,1
105,405,73432141749,73432141749,1,20151001,20991231,1,1
105,405,73432141750,73432141751,1,20151001,20991231,1,1
105,405,73432141753,73432141754,1,20151001,20991231,1,1
105,405,73432141756,73432141756,1,20151001,20991231,1,1
105,405,73432141759,73432141759,1,20151001,20991231,1,1
105,405,73432141760,73432141760,1,20151001,20991231,1,1
105,405,73432141761,73432141761,1,20151001,20991231,1,1
105,405,73432141763,73432141764,1,20151001,20991231,1,1
105,405,73432141765,73432141767,1,20151001,20991231,1,1
105,405,73432141768,73432141768,1,20151001,20991231,1,1
105,405,73432141770,73432141770,1,20151001,20991231,1,1
105,405,73432141772,73432141773,1,20151001,20991231,1,1
105,405,73432141774,73432141774,1,20151001,20991231,1,1
105,405,73432141775,73432141777,1,20151001,20991231,1,1
105,405,73432141778,73432141778,1,20151001,20991231,1,1
105,405,73432141780,73432141780,1,20151001,20991231,1,1
105,405,73432141782,73432141783,1,20151001,20991231,1,1
105,405,73432141784,73432141784,1,20151001,20991231,1,1
105,405,73432141787,73432141790,1,20151001,20991231,1,1
105,405,73432141792,73432141794,1,20151001,20991231,1,1
105,405,73432141795,73432141795,1,20151001,20991231,1,1
105,405,73432141797,73432141798,1,20151001,20991231,1,1
105,405,73432141800,73432141801,1,20151001,20991231,1,1
105,405,73432141804,73432141804,1,20151001,20991231,1,1
105,405,73432141806,73432141806,1,20151001,20991231,1,1
105,405,73432141812,73432141812,1,20151001,20991231,1,1
105,405,73432141813,73432141813,1,20151001,20991231,1,1
105,405,73432141814,73432141814,1,20151001,20991231,1,1
105,405,73432141817,73432141818,1,20151001,20991231,1,1
105,405,73432141822,73432141822,1,20151001,20991231,1,1
105,405,73432141824,73432141825,1,20151001,20991231,1,1
105,405,73432141826,73432141826,1,20151001,20991231,1,1
105,405,73432141828,73432141828,1,20151001,20991231,1,1
105,405,73432141830,73432141831,1,20151001,20991231,1,1
105,405,73432141835,73432141835,1,20151001,20991231,1,1
105,405,73432141837,73432141837,1,20151001,20991231,1,1
105,405,73432141839,73432141840,1,20151001,20991231,1,1
105,405,73432141842,73432141842,1,20151001,20991231,1,1
105,405,73432141843,73432141843,1,20151001,20991231,1,1
105,405,73432141846,73432141846,1,20151001,20991231,1,1
105,405,73432141849,73432141849,1,20151001,20991231,1,1
105,405,73432141850,73432141850,1,20151001,20991231,1,1
105,405,73432141854,73432141854,1,20151001,20991231,1,1
105,405,73432141856,73432141856,1,20151001,20991231,1,1
105,405,73432141859,73432141859,1,20151001,20991231,1,1
105,405,73432141861,73432141862,1,20151001,20991231,1,1
105,405,73432141864,73432141864,1,20151001,20991231,1,1
105,405,73432141867,73432141867,1,20151001,20991231,1,1
105,405,73432141874,73432141874,1,20151001,20991231,1,1
105,405,73432141876,73432141876,1,20151001,20991231,1,1
105,405,73432141878,73432141878,1,20151001,20991231,1,1
105,405,73432141882,73432141883,1,20151001,20991231,1,1
105,405,73432141884,73432141884,1,20151001,20991231,1,1
105,405,73432141887,73432141887,1,20151001,20991231,1,1
105,405,73432141889,73432141890,1,20151001,20991231,1,1
105,405,73432141894,73432141894,1,20151001,20991231,1,1
105,405,73432141896,73432141896,1,20151001,20991231,1,1
105,405,73432141898,73432141899,1,20151001,20991231,1,1
105,405,73432141901,73432141901,1,20151001,20991231,1,1
105,405,73432141906,73432141907,1,20151001,20991231,1,1
105,405,73432141909,73432141909,1,20151001,20991231,1,1
105,405,73432141910,73432141910,1,20151001,20991231,1,1
105,405,73432141912,73432141912,1,20151001,20991231,1,1
105,405,73432141914,73432141914,1,20151001,20991231,1,1
105,405,73432141915,73432141915,1,20151001,20991231,1,1
105,405,73432141918,73432141920,1,20151001,20991231,1,1
105,405,73432141921,73432141921,1,20151001,20991231,1,1
105,405,73432141922,73432141922,1,20151001,20991231,1,1
105,405,73432141925,73432141926,1,20151001,20991231,1,1
105,405,73432141929,73432141929,1,20151001,20991231,1,1
105,405,73432141931,73432141931,1,20151001,20991231,1,1
105,405,73432141934,73432141934,1,20151001,20991231,1,1
105,405,73432141936,73432141937,1,20151001,20991231,1,1
105,405,73432141940,73432141940,1,20151001,20991231,1,1
105,405,73432141942,73432141942,1,20151001,20991231,1,1
105,405,73432141945,73432141945,1,20151001,20991231,1,1
105,405,73432141946,73432141946,1,20151001,20991231,1,1
105,405,73432141947,73432141947,1,20151001,20991231,1,1
105,405,73432141950,73432141950,1,20151001,20991231,1,1
105,405,73432141954,73432141954,1,20151001,20991231,1,1
105,405,73432141955,73432141955,1,20151001,20991231,1,1
105,405,73432141959,73432141959,1,20151001,20991231,1,1
105,405,73432141960,73432141960,1,20151001,20991231,1,1
105,405,73432141964,73432141964,1,20151001,20991231,1,1
105,405,73432141966,73432141968,1,20151001,20991231,1,1
105,405,73432141970,73432141970,1,20151001,20991231,1,1
105,405,73432141971,73432141971,1,20151001,20991231,1,1
105,405,73432141972,73432141972,1,20151001,20991231,1,1
105,405,73432141974,73432141974,1,20151001,20991231,1,1
105,405,73432141975,73432141975,1,20151001,20991231,1,1
105,405,73432141977,73432141979,1,20151001,20991231,1,1
105,405,73432141983,73432141984,1,20151001,20991231,1,1
105,405,73432141986,73432141987,1,20151001,20991231,1,1
105,405,73432141996,73432141997,1,20151001,20991231,1,1
105,405,73432141998,73432141998,1,20151001,20991231,1,1
105,405,73432142000,73432142000,1,20151001,20991231,1,1
105,405,73432142003,73432142004,1,20151001,20991231,1,1
105,405,73432142008,73432142008,1,20151001,20991231,1,1
105,405,73432142011,73432142011,1,20151001,20991231,1,1
105,405,73432142019,73432142019,1,20151001,20991231,1,1
105,405,73432142020,73432142020,1,20151001,20991231,1,1
105,405,73432142022,73432142022,1,20151001,20991231,1,1
105,405,73432142023,73432142026,1,20151001,20991231,1,1
105,405,73432142030,73432142030,1,20151001,20991231,1,1
105,405,73432142032,73432142032,1,20151001,20991231,1,1
105,405,73432142034,73432142036,1,20151001,20991231,1,1
105,405,73432142040,73432142040,1,20151001,20991231,1,1
105,405,73432142044,73432142044,1,20151001,20991231,1,1
105,405,73432142051,73432142051,1,20151001,20991231,1,1
105,405,73432142053,73432142053,1,20151001,20991231,1,1
105,405,73432142055,73432142058,1,20151001,20991231,1,1
105,405,73432142061,73432142064,1,20151001,20991231,1,1
105,405,73432142065,73432142065,1,20151001,20991231,1,1
105,405,73432142066,73432142069,1,20151001,20991231,1,1
105,405,73432142070,73432142070,1,20151001,20991231,1,1
105,405,73432142071,73432142071,1,20151001,20991231,1,1
105,405,73432142075,73432142075,1,20151001,20991231,1,1
105,405,73432142079,73432142079,1,20151001,20991231,1,1
105,405,73432142081,73432142081,1,20151001,20991231,1,1
105,405,73432142084,73432142087,1,20151001,20991231,1,1
105,405,73432142089,73432142090,1,20151001,20991231,1,1
105,405,73432142094,73432142094,1,20151001,20991231,1,1
105,405,73432142096,73432142103,1,20151001,20991231,1,1
105,405,73432142106,73432142106,1,20151001,20991231,1,1
105,405,73432142108,73432142110,1,20151001,20991231,1,1
105,405,73432142116,73432142119,1,20151001,20991231,1,1
105,405,73432142121,73432142121,1,20151001,20991231,1,1
105,405,73432142122,73432142123,1,20151001,20991231,1,1
105,405,73432142125,73432142126,1,20151001,20991231,1,1
105,405,73432142131,73432142131,1,20151001,20991231,1,1
105,405,73432142134,73432142134,1,20151001,20991231,1,1
105,405,73432142136,73432142136,1,20151001,20991231,1,1
105,405,73432142138,73432142138,1,20151001,20991231,1,1
105,405,73432142140,73432142143,1,20151001,20991231,1,1
105,405,73432142149,73432142149,1,20151001,20991231,1,1
105,405,73432142151,73432142155,1,20151001,20991231,1,1
105,405,73432142157,73432142157,1,20151001,20991231,1,1
105,405,73432142160,73432142160,1,20151001,20991231,1,1
105,405,73432142163,73432142163,1,20151001,20991231,1,1
105,405,73432142166,73432142166,1,20151001,20991231,1,1
105,405,73432142170,73432142170,1,20151001,20991231,1,1
105,405,73432142171,73432142173,1,20151001,20991231,1,1
105,405,73432142176,73432142176,1,20151001,20991231,1,1
105,405,73432142180,73432142183,1,20151001,20991231,1,1
105,405,73432142185,73432142186,1,20151001,20991231,1,1
105,405,73432142187,73432142187,1,20151001,20991231,1,1
105,405,73432142189,73432142190,1,20151001,20991231,1,1
105,405,73432142193,73432142193,1,20151001,20991231,1,1
105,405,73432142194,73432142194,1,20151001,20991231,1,1
105,405,73432142197,73432142198,1,20151001,20991231,1,1
105,405,73432142203,73432142203,1,20151001,20991231,1,1
105,405,73432142207,73432142207,1,20151001,20991231,1,1
105,405,73432142210,73432142210,1,20151001,20991231,1,1
105,405,73432142212,73432142213,1,20151001,20991231,1,1
105,405,73432142215,73432142216,1,20151001,20991231,1,1
105,405,73432142217,73432142217,1,20151001,20991231,1,1
105,405,73432142219,73432142220,1,20151001,20991231,1,1
105,405,73432142221,73432142221,1,20151001,20991231,1,1
105,405,73432142224,73432142224,1,20151001,20991231,1,1
105,405,73432142227,73432142227,1,20151001,20991231,1,1
105,405,73432142228,73432142228,1,20151001,20991231,1,1
105,405,73432142233,73432142236,1,20151001,20991231,1,1
105,405,73432142238,73432142238,1,20151001,20991231,1,1
105,405,73432142240,73432142240,1,20151001,20991231,1,1
105,405,73432142241,73432142241,1,20151001,20991231,1,1
105,405,73432142243,73432142245,1,20151001,20991231,1,1
105,405,73432142246,73432142247,1,20151001,20991231,1,1
105,405,73432142248,73432142250,1,20151001,20991231,1,1
105,405,73432142254,73432142254,1,20151001,20991231,1,1
105,405,73432142256,73432142256,1,20151001,20991231,1,1
105,405,73432142257,73432142257,1,20151001,20991231,1,1
105,405,73432142260,73432142261,1,20151001,20991231,1,1
105,405,73432142263,73432142263,1,20151001,20991231,1,1
105,405,73432142268,73432142268,1,20151001,20991231,1,1
105,405,73432142272,73432142272,1,20151001,20991231,1,1
105,405,73432142274,73432142275,1,20151001,20991231,1,1
105,405,73432142276,73432142276,1,20151001,20991231,1,1
105,405,73432142278,73432142280,1,20151001,20991231,1,1
105,405,73432142282,73432142282,1,20151001,20991231,1,1
105,405,73432142284,73432142284,1,20151001,20991231,1,1
105,405,73432142287,73432142287,1,20151001,20991231,1,1
105,405,73432142289,73432142289,1,20151001,20991231,1,1
105,405,73432142291,73432142292,1,20151001,20991231,1,1
105,405,73432142295,73432142296,1,20151001,20991231,1,1
105,405,73432142299,73432142299,1,20151001,20991231,1,1
105,405,73432142301,73432142302,1,20151001,20991231,1,1
105,405,73432142304,73432142305,1,20151001,20991231,1,1
105,405,73432142306,73432142306,1,20151001,20991231,1,1
105,405,73432142308,73432142308,1,20151001,20991231,1,1
105,405,73432142310,73432142311,1,20151001,20991231,1,1
105,405,73432142313,73432142313,1,20151001,20991231,1,1
105,405,73432142314,73432142315,1,20151001,20991231,1,1
105,405,73432142316,73432142316,1,20151001,20991231,1,1
105,405,73432142317,73432142319,1,20151001,20991231,1,1
105,405,73432142320,73432142320,1,20151001,20991231,1,1
105,405,73432142323,73432142324,1,20151001,20991231,1,1
105,405,73432142326,73432142326,1,20151001,20991231,1,1
105,405,73432142327,73432142328,1,20151001,20991231,1,1
105,405,73432142331,73432142331,1,20151001,20991231,1,1
105,405,73432142333,73432142333,1,20151001,20991231,1,1
105,405,73432142334,73432142334,1,20151001,20991231,1,1
105,405,73432142335,73432142335,1,20151001,20991231,1,1
105,405,73432142338,73432142338,1,20151001,20991231,1,1
105,405,73432142340,73432142340,1,20151001,20991231,1,1
105,405,73432142341,73432142344,1,20151001,20991231,1,1
105,405,73432142346,73432142346,1,20151001,20991231,1,1
105,405,73432142348,73432142348,1,20151001,20991231,1,1
105,405,73432142352,73432142356,1,20151001,20991231,1,1
105,405,73432142361,73432142362,1,20151001,20991231,1,1
105,405,73432142365,73432142367,1,20151001,20991231,1,1
105,405,73432142369,73432142371,1,20151001,20991231,1,1
105,405,73432142372,73432142372,1,20151001,20991231,1,1
105,405,73432142373,73432142374,1,20151001,20991231,1,1
105,405,73432142376,73432142376,1,20151001,20991231,1,1
105,405,73432142380,73432142380,1,20151001,20991231,1,1
105,405,73432142382,73432142383,1,20151001,20991231,1,1
105,405,73432142384,73432142385,1,20151001,20991231,1,1
105,405,73432142387,73432142388,1,20151001,20991231,1,1
105,405,73432142389,73432142389,1,20151001,20991231,1,1
105,405,73432142391,73432142391,1,20151001,20991231,1,1
105,405,73432142392,73432142392,1,20151001,20991231,1,1
105,405,73432142395,73432142396,1,20151001,20991231,1,1
105,405,73432142398,73432142398,1,20151001,20991231,1,1
105,405,73432142399,73432142399,1,20151001,20991231,1,1
105,405,73432142400,73432142400,1,20151001,20991231,1,1
105,405,73432142402,73432142402,1,20151001,20991231,1,1
105,405,73432142403,73432142404,1,20151001,20991231,1,1
105,405,73432142406,73432142407,1,20151001,20991231,1,1
105,405,73432142409,73432142410,1,20151001,20991231,1,1
105,405,73432142412,73432142415,1,20151001,20991231,1,1
105,405,73432142417,73432142417,1,20151001,20991231,1,1
105,405,73432142419,73432142419,1,20151001,20991231,1,1
105,405,73432142421,73432142422,1,20151001,20991231,1,1
105,405,73432142425,73432142425,1,20151001,20991231,1,1
105,405,73432142428,73432142431,1,20151001,20991231,1,1
105,405,73432142433,73432142433,1,20151001,20991231,1,1
105,405,73432142434,73432142434,1,20151001,20991231,1,1
105,405,73432142436,73432142436,1,20151001,20991231,1,1
105,405,73432142439,73432142439,1,20151001,20991231,1,1
105,405,73432142441,73432142441,1,20151001,20991231,1,1
105,405,73432142443,73432142443,1,20151001,20991231,1,1
105,405,73432142446,73432142446,1,20151001,20991231,1,1
105,405,73432142447,73432142447,1,20151001,20991231,1,1
105,405,73432142448,73432142448,1,20151001,20991231,1,1
105,405,73432142450,73432142450,1,20151001,20991231,1,1
105,405,73432142453,73432142454,1,20151001,20991231,1,1
105,405,73432142456,73432142457,1,20151001,20991231,1,1
105,405,73432142459,73432142460,1,20151001,20991231,1,1
105,405,73432142462,73432142462,1,20151001,20991231,1,1
105,405,73432142464,73432142464,1,20151001,20991231,1,1
105,405,73432142466,73432142467,1,20151001,20991231,1,1
105,405,73432142468,73432142468,1,20151001,20991231,1,1
105,405,73432142470,73432142470,1,20151001,20991231,1,1
105,405,73432142475,73432142475,1,20151001,20991231,1,1
105,405,73432142477,73432142480,1,20151001,20991231,1,1
105,405,73432142482,73432142482,1,20151001,20991231,1,1
105,405,73432142485,73432142485,1,20151001,20991231,1,1
105,405,73432142487,73432142489,1,20151001,20991231,1,1
105,405,73432142491,73432142491,1,20151001,20991231,1,1
105,405,73432142492,73432142493,1,20151001,20991231,1,1
105,405,73432142494,73432142494,1,20151001,20991231,1,1
105,405,73432142496,73432142497,1,20151001,20991231,1,1
105,405,73432142498,73432142499,1,20151001,20991231,1,1
105,405,73432142504,73432142505,1,20151001,20991231,1,1
105,405,73432142506,73432142506,1,20151001,20991231,1,1
105,405,73432142507,73432142512,1,20151001,20991231,1,1
105,405,73432142514,73432142515,1,20151001,20991231,1,1
105,405,73432142518,73432142519,1,20151001,20991231,1,1
105,405,73432142521,73432142522,1,20151001,20991231,1,1
105,405,73432142524,73432142526,1,20151001,20991231,1,1
105,405,73432142527,73432142527,1,20151001,20991231,1,1
105,405,73432142528,73432142528,1,20151001,20991231,1,1
105,405,73432142529,73432142529,1,20151001,20991231,1,1
105,405,73432142530,73432142530,1,20151001,20991231,1,1
105,405,73432142532,73432142535,1,20151001,20991231,1,1
105,405,73432142537,73432142539,1,20151001,20991231,1,1
105,405,73432142541,73432142541,1,20151001,20991231,1,1
105,405,73432142542,73432142542,1,20151001,20991231,1,1
105,405,73432142543,73432142544,1,20151001,20991231,1,1
105,405,73432142547,73432142547,1,20151001,20991231,1,1
105,405,73432142552,73432142552,1,20151001,20991231,1,1
105,405,73432142553,73432142553,1,20151001,20991231,1,1
105,405,73432142555,73432142556,1,20151001,20991231,1,1
105,405,73432142558,73432142559,1,20151001,20991231,1,1
105,405,73432142564,73432142566,1,20151001,20991231,1,1
105,405,73432142567,73432142567,1,20151001,20991231,1,1
105,405,73432142570,73432142572,1,20151001,20991231,1,1
105,405,73432142576,73432142577,1,20151001,20991231,1,1
105,405,73432142579,73432142580,1,20151001,20991231,1,1
105,405,73432142582,73432142582,1,20151001,20991231,1,1
105,405,73432142583,73432142583,1,20151001,20991231,1,1
105,405,73432142586,73432142588,1,20151001,20991231,1,1
105,405,73432142590,73432142590,1,20151001,20991231,1,1
105,405,73432142591,73432142591,1,20151001,20991231,1,1
105,405,73432142593,73432142593,1,20151001,20991231,1,1
105,405,73432142597,73432142597,1,20151001,20991231,1,1
105,405,73432142599,73432142599,1,20151001,20991231,1,1
105,405,73432142600,73432142600,1,20151001,20991231,1,1
105,405,73432142609,73432142609,1,20151001,20991231,1,1
105,405,73432142611,73432142611,1,20151001,20991231,1,1
105,405,73432142621,73432142621,1,20151001,20991231,1,1
105,405,73432142625,73432142625,1,20151001,20991231,1,1
105,405,73432142626,73432142626,1,20151001,20991231,1,1
105,405,73432142627,73432142627,1,20151001,20991231,1,1
105,405,73432142631,73432142632,1,20151001,20991231,1,1
105,405,73432142634,73432142635,1,20151001,20991231,1,1
105,405,73432142637,73432142638,1,20151001,20991231,1,1
105,405,73432142640,73432142641,1,20151001,20991231,1,1
105,405,73432142642,73432142642,1,20151001,20991231,1,1
105,405,73432142643,73432142644,1,20151001,20991231,1,1
105,405,73432142646,73432142650,1,20151001,20991231,1,1
105,405,73432142653,73432142653,1,20151001,20991231,1,1
105,405,73432142655,73432142657,1,20151001,20991231,1,1
105,405,73432142658,73432142658,1,20151001,20991231,1,1
105,405,73432142660,73432142661,1,20151001,20991231,1,1
105,405,73432142664,73432142664,1,20151001,20991231,1,1
105,405,73432142666,73432142668,1,20151001,20991231,1,1
105,405,73432142675,73432142677,1,20151001,20991231,1,1
105,405,73432142683,73432142683,1,20151001,20991231,1,1
105,405,73432142685,73432142685,1,20151001,20991231,1,1
105,405,73432142686,73432142686,1,20151001,20991231,1,1
105,405,73432142691,73432142691,1,20151001,20991231,1,1
105,405,73432142695,73432142695,1,20151001,20991231,1,1
105,405,73432142697,73432142699,1,20151001,20991231,1,1
105,405,73432142701,73432142701,1,20151001,20991231,1,1
105,405,73432142704,73432142704,1,20151001,20991231,1,1
105,405,73432142709,73432142709,1,20151001,20991231,1,1
105,405,73432142710,73432142710,1,20151001,20991231,1,1
105,405,73432142712,73432142712,1,20151001,20991231,1,1
105,405,73432142713,73432142713,1,20151001,20991231,1,1
105,405,73432142715,73432142718,1,20151001,20991231,1,1
105,405,73432142722,73432142722,1,20151001,20991231,1,1
105,405,73432142729,73432142729,1,20151001,20991231,1,1
105,405,73432142736,73432142736,1,20151001,20991231,1,1
105,405,73432142737,73432142737,1,20151001,20991231,1,1
105,405,73432142738,73432142738,1,20151001,20991231,1,1
105,405,73432142740,73432142741,1,20151001,20991231,1,1
105,405,73432142742,73432142743,1,20151001,20991231,1,1
105,405,73432142745,73432142745,1,20151001,20991231,1,1
105,405,73432142748,73432142748,1,20151001,20991231,1,1
105,405,73432142750,73432142750,1,20151001,20991231,1,1
105,405,73432142752,73432142754,1,20151001,20991231,1,1
105,405,73432142758,73432142759,1,20151001,20991231,1,1
105,405,73432142761,73432142761,1,20151001,20991231,1,1
105,405,73432142765,73432142765,1,20151001,20991231,1,1
105,405,73432142767,73432142767,1,20151001,20991231,1,1
105,405,73432142769,73432142769,1,20151001,20991231,1,1
105,405,73432142772,73432142772,1,20151001,20991231,1,1
105,405,73432142773,73432142773,1,20151001,20991231,1,1
105,405,73432142779,73432142779,1,20151001,20991231,1,1
105,405,73432142782,73432142782,1,20151001,20991231,1,1
105,405,73432142785,73432142785,1,20151001,20991231,1,1
105,405,73432142787,73432142788,1,20151001,20991231,1,1
105,405,73432142789,73432142789,1,20151001,20991231,1,1
105,405,73432142791,73432142791,1,20151001,20991231,1,1
105,405,73432142793,73432142793,1,20151001,20991231,1,1
105,405,73432142794,73432142794,1,20151001,20991231,1,1
105,405,73432142796,73432142798,1,20151001,20991231,1,1
105,405,73432142800,73432142800,1,20151001,20991231,1,1
105,405,73432142801,73432142802,1,20151001,20991231,1,1
105,405,73432142805,73432142805,1,20151001,20991231,1,1
105,405,73432142806,73432142807,1,20151001,20991231,1,1
105,405,73432142810,73432142811,1,20151001,20991231,1,1
105,405,73432142813,73432142814,1,20151001,20991231,1,1
105,405,73432142815,73432142815,1,20151001,20991231,1,1
105,405,73432142816,73432142816,1,20151001,20991231,1,1
105,405,73432142817,73432142817,1,20151001,20991231,1,1
105,405,73432142819,73432142820,1,20151001,20991231,1,1
105,405,73432142822,73432142824,1,20151001,20991231,1,1
105,405,73432142825,73432142825,1,20151001,20991231,1,1
105,405,73432142826,73432142827,1,20151001,20991231,1,1
105,405,73432142828,73432142828,1,20151001,20991231,1,1
105,405,73432142833,73432142833,1,20151001,20991231,1,1
105,405,73432142834,73432142834,1,20151001,20991231,1,1
105,405,73432142838,73432142839,1,20151001,20991231,1,1
105,405,73432142844,73432142844,1,20151001,20991231,1,1
105,405,73432142845,73432142845,1,20151001,20991231,1,1
105,405,73432142847,73432142847,1,20151001,20991231,1,1
105,405,73432142848,73432142848,1,20151001,20991231,1,1
105,405,73432142849,73432142849,1,20151001,20991231,1,1
105,405,73432142857,73432142857,1,20151001,20991231,1,1
105,405,73432143104,73432143105,1,20151001,20991231,1,1
105,405,73432143106,73432143109,1,20151001,20991231,1,1
105,405,73432143115,73432143116,1,20151001,20991231,1,1
105,405,73432143121,73432143121,1,20151001,20991231,1,1
105,405,73432143123,73432143127,1,20151001,20991231,1,1
105,405,73432143132,73432143132,1,20151001,20991231,1,1
105,405,73432143135,73432143135,1,20151001,20991231,1,1
105,405,73432143138,73432143138,1,20151001,20991231,1,1
105,405,73432143142,73432143143,1,20151001,20991231,1,1
105,405,73432143145,73432143145,1,20151001,20991231,1,1
105,405,73432143147,73432143147,1,20151001,20991231,1,1
105,405,73432143149,73432143153,1,20151001,20991231,1,1
105,405,73432143154,73432143156,1,20151001,20991231,1,1
105,405,73432143159,73432143160,1,20151001,20991231,1,1
105,405,73432143161,73432143161,1,20151001,20991231,1,1
105,405,73432143163,73432143163,1,20151001,20991231,1,1
105,405,73432143165,73432143165,1,20151001,20991231,1,1
105,405,73432143167,73432143167,1,20151001,20991231,1,1
105,405,73432143168,73432143168,1,20151001,20991231,1,1
105,405,73432143169,73432143169,1,20151001,20991231,1,1
105,405,73432143170,73432143170,1,20151001,20991231,1,1
105,405,73432143173,73432143173,1,20151001,20991231,1,1
105,405,73432143176,73432143176,1,20151001,20991231,1,1
105,405,73432143177,73432143180,1,20151001,20991231,1,1
105,405,73432143183,73432143183,1,20151001,20991231,1,1
105,405,73432143184,73432143185,1,20151001,20991231,1,1
105,405,73432143187,73432143190,1,20151001,20991231,1,1
105,405,73432143193,73432143193,1,20151001,20991231,1,1
105,405,73432143194,73432143194,1,20151001,20991231,1,1
105,405,73432143197,73432143197,1,20151001,20991231,1,1
105,405,73432143199,73432143201,1,20151001,20991231,1,1
105,405,73432143204,73432143206,1,20151001,20991231,1,1
105,405,73432143208,73432143209,1,20151001,20991231,1,1
105,405,73432143210,73432143210,1,20151001,20991231,1,1
105,405,73432143212,73432143212,1,20151001,20991231,1,1
105,405,73432143217,73432143217,1,20151001,20991231,1,1
105,405,73432143218,73432143219,1,20151001,20991231,1,1
105,405,73432143220,73432143220,1,20151001,20991231,1,1
105,405,73432143224,73432143224,1,20151001,20991231,1,1
105,405,73432143226,73432143228,1,20151001,20991231,1,1
105,405,73432143231,73432143232,1,20151001,20991231,1,1
105,405,73432143233,73432143233,1,20151001,20991231,1,1
105,405,73432143237,73432143237,1,20151001,20991231,1,1
105,405,73432143239,73432143240,1,20151001,20991231,1,1
105,405,73432143243,73432143243,1,20151001,20991231,1,1
105,405,73432143244,73432143245,1,20151001,20991231,1,1
105,405,73432143250,73432143250,1,20151001,20991231,1,1
105,405,73432143251,73432143251,1,20151001,20991231,1,1
105,405,73432143256,73432143256,1,20151001,20991231,1,1
105,405,73432143257,73432143257,1,20151001,20991231,1,1
105,405,73432143259,73432143259,1,20151001,20991231,1,1
105,405,73432143261,73432143262,1,20151001,20991231,1,1
105,405,73432143264,73432143265,1,20151001,20991231,1,1
105,405,73432143267,73432143267,1,20151001,20991231,1,1
105,405,73432143273,73432143273,1,20151001,20991231,1,1
105,405,73432143275,73432143275,1,20151001,20991231,1,1
105,405,73432143278,73432143279,1,20151001,20991231,1,1
105,405,73432143280,73432143280,1,20151001,20991231,1,1
105,405,73432143284,73432143284,1,20151001,20991231,1,1
105,405,73432143286,73432143288,1,20151001,20991231,1,1
105,405,73432143291,73432143292,1,20151001,20991231,1,1
105,405,73432143294,73432143294,1,20151001,20991231,1,1
105,405,73432143301,73432143301,1,20151001,20991231,1,1
105,405,73432143302,73432143302,1,20151001,20991231,1,1
105,405,73432143303,73432143303,1,20151001,20991231,1,1
105,405,73432143304,73432143304,1,20151001,20991231,1,1
105,405,73432143313,73432143313,1,20151001,20991231,1,1
105,405,73432143315,73432143315,1,20151001,20991231,1,1
105,405,73432143318,73432143318,1,20151001,20991231,1,1
105,405,73432143324,73432143324,1,20151001,20991231,1,1
105,405,73432143325,73432143325,1,20151001,20991231,1,1
105,405,73432143326,73432143327,1,20151001,20991231,1,1
105,405,73432143330,73432143330,1,20151001,20991231,1,1
105,405,73432143333,73432143333,1,20151001,20991231,1,1
105,405,73432143335,73432143335,1,20151001,20991231,1,1
105,405,73432143337,73432143338,1,20151001,20991231,1,1
105,405,73432143339,73432143339,1,20151001,20991231,1,1
105,405,73432143340,73432143340,1,20151001,20991231,1,1
105,405,73432143343,73432143343,1,20151001,20991231,1,1
105,405,73432143344,73432143344,1,20151001,20991231,1,1
105,405,73432143347,73432143347,1,20151001,20991231,1,1
105,405,73432143349,73432143350,1,20151001,20991231,1,1
105,405,73432143351,73432143352,1,20151001,20991231,1,1
105,405,73432143353,73432143354,1,20151001,20991231,1,1
105,405,73432143356,73432143356,1,20151001,20991231,1,1
105,405,73432143357,73432143357,1,20151001,20991231,1,1
105,405,73432143359,73432143359,1,20151001,20991231,1,1
105,405,73432143361,73432143361,1,20151001,20991231,1,1
105,405,73432143362,73432143362,1,20151001,20991231,1,1
105,405,73432143363,73432143365,1,20151001,20991231,1,1
105,405,73432143368,73432143368,1,20151001,20991231,1,1
105,405,73432143371,73432143372,1,20151001,20991231,1,1
105,405,73432143375,73432143375,1,20151001,20991231,1,1
105,405,73432143378,73432143378,1,20151001,20991231,1,1
105,405,73432143381,73432143382,1,20151001,20991231,1,1
105,405,73432143384,73432143384,1,20151001,20991231,1,1
105,405,73432143385,73432143385,1,20151001,20991231,1,1
105,405,73432143389,73432143390,1,20151001,20991231,1,1
105,405,73432143392,73432143393,1,20151001,20991231,1,1
105,405,73432143395,73432143395,1,20151001,20991231,1,1
105,405,73432143402,73432143402,1,20151001,20991231,1,1
105,405,73432143403,73432143403,1,20151001,20991231,1,1
105,405,73432143404,73432143404,1,20151001,20991231,1,1
105,405,73432143407,73432143408,1,20151001,20991231,1,1
105,405,73432143414,73432143414,1,20151001,20991231,1,1
105,405,73432143419,73432143420,1,20151001,20991231,1,1
105,405,73432143421,73432143421,1,20151001,20991231,1,1
105,405,73432143422,73432143423,1,20151001,20991231,1,1
105,405,73432143425,73432143425,1,20151001,20991231,1,1
105,405,73432143427,73432143427,1,20151001,20991231,1,1
105,405,73432143436,73432143436,1,20151001,20991231,1,1
105,405,73432143438,73432143438,1,20151001,20991231,1,1
105,405,73432143441,73432143441,1,20151001,20991231,1,1
105,405,73432143443,73432143443,1,20151001,20991231,1,1
105,405,73432143447,73432143447,1,20151001,20991231,1,1
105,405,73432143449,73432143449,1,20151001,20991231,1,1
105,405,73432143452,73432143452,1,20151001,20991231,1,1
105,405,73432143453,73432143453,1,20151001,20991231,1,1
105,405,73432143456,73432143456,1,20151001,20991231,1,1
105,405,73432143461,73432143461,1,20151001,20991231,1,1
105,405,73432143462,73432143462,1,20151001,20991231,1,1
105,405,73432143464,73432143464,1,20151001,20991231,1,1
105,405,73432143465,73432143466,1,20151001,20991231,1,1
105,405,73432143470,73432143470,1,20151001,20991231,1,1
105,405,73432143563,73432143563,1,20151001,20991231,1,1
105,405,73432143702,73432143703,1,20151001,20991231,1,1
105,405,73432143707,73432143707,1,20151001,20991231,1,1
105,405,73432143709,73432143709,1,20151001,20991231,1,1
105,405,73432143712,73432143712,1,20151001,20991231,1,1
105,405,73432143713,73432143713,1,20151001,20991231,1,1
105,405,73432143718,73432143718,1,20151001,20991231,1,1
105,405,73432143721,73432143721,1,20151001,20991231,1,1
105,405,73432143722,73432143722,1,20151001,20991231,1,1
105,405,73432143724,73432143725,1,20151001,20991231,1,1
105,405,73432143728,73432143729,1,20151001,20991231,1,1
105,405,73432143731,73432143732,1,20151001,20991231,1,1
105,405,73432143734,73432143737,1,20151001,20991231,1,1
105,405,73432143741,73432143743,1,20151001,20991231,1,1
105,405,73432143749,73432143750,1,20151001,20991231,1,1
105,405,73432143753,73432143753,1,20151001,20991231,1,1
105,405,73432143755,73432143755,1,20151001,20991231,1,1
105,405,73432143757,73432143759,1,20151001,20991231,1,1
105,405,73432143760,73432143760,1,20151001,20991231,1,1
105,405,73432143761,73432143761,1,20151001,20991231,1,1
105,405,73432143769,73432143769,1,20151001,20991231,1,1
105,405,73432143771,73432143779,1,20151001,20991231,1,1
105,405,73432143782,73432143783,1,20151001,20991231,1,1
105,405,73432143785,73432143787,1,20151001,20991231,1,1
105,405,73432143789,73432143791,1,20151001,20991231,1,1
105,405,73432143794,73432143797,1,20151001,20991231,1,1
105,405,73432143799,73432143799,1,20151001,20991231,1,1
105,405,73432143805,73432143805,1,20151001,20991231,1,1
105,405,73432143806,73432143807,1,20151001,20991231,1,1
105,405,73432143810,73432143811,1,20151001,20991231,1,1
105,405,73432143815,73432143816,1,20151001,20991231,1,1
105,405,73432143820,73432143820,1,20151001,20991231,1,1
105,405,73432143821,73432143821,1,20151001,20991231,1,1
105,405,73432143823,73432143823,1,20151001,20991231,1,1
105,405,73432143825,73432143825,1,20151001,20991231,1,1
105,405,73432143828,73432143828,1,20151001,20991231,1,1
105,405,73432143830,73432143830,1,20151001,20991231,1,1
105,405,73432143831,73432143832,1,20151001,20991231,1,1
105,405,73432143834,73432143834,1,20151001,20991231,1,1
105,405,73432143835,73432143837,1,20151001,20991231,1,1
105,405,73432143840,73432143840,1,20151001,20991231,1,1
105,405,73432143841,73432143841,1,20151001,20991231,1,1
105,405,73432143845,73432143845,1,20151001,20991231,1,1
105,405,73432143847,73432143847,1,20151001,20991231,1,1
105,405,73432143849,73432143849,1,20151001,20991231,1,1
105,405,73432143853,73432143853,1,20151001,20991231,1,1
105,405,73432143855,73432143855,1,20151001,20991231,1,1
105,405,73432143863,73432143863,1,20151001,20991231,1,1
105,405,73432143869,73432143870,1,20151001,20991231,1,1
105,405,73432143877,73432143879,1,20151001,20991231,1,1
105,405,73432143882,73432143885,1,20151001,20991231,1,1
105,405,73432143886,73432143886,1,20151001,20991231,1,1
105,405,73432143888,73432143888,1,20151001,20991231,1,1
105,405,73432143890,73432143891,1,20151001,20991231,1,1
105,405,73432143893,73432143893,1,20151001,20991231,1,1
105,405,73432143895,73432143897,1,20151001,20991231,1,1
105,405,73432143906,73432143906,1,20151001,20991231,1,1
105,405,73432143909,73432143909,1,20151001,20991231,1,1
105,405,73432143910,73432143910,1,20151001,20991231,1,1
105,405,73432143913,73432143913,1,20151001,20991231,1,1
105,405,73432143916,73432143916,1,20151001,20991231,1,1
105,405,73432143917,73432143917,1,20151001,20991231,1,1
105,405,73432143920,73432143920,1,20151001,20991231,1,1
105,405,73432143922,73432143922,1,20151001,20991231,1,1
105,405,73432143924,73432143924,1,20151001,20991231,1,1
105,405,73432143927,73432143927,1,20151001,20991231,1,1
105,405,73432143929,73432143931,1,20151001,20991231,1,1
105,405,73432143933,73432143934,1,20151001,20991231,1,1
105,405,73432143937,73432143937,1,20151001,20991231,1,1
105,405,73432143941,73432143942,1,20151001,20991231,1,1
105,405,73432143944,73432143949,1,20151001,20991231,1,1
105,405,73432143950,73432143950,1,20151001,20991231,1,1
105,405,73432143953,73432143954,1,20151001,20991231,1,1
105,405,73432143958,73432143958,1,20151001,20991231,1,1
105,405,73432143960,73432143960,1,20151001,20991231,1,1
105,405,73432143961,73432143961,1,20151001,20991231,1,1
105,405,73432143963,73432143964,1,20151001,20991231,1,1
105,405,73432143966,73432143966,1,20151001,20991231,1,1
105,405,73432143968,73432143968,1,20151001,20991231,1,1
105,405,73432143971,73432143971,1,20151001,20991231,1,1
105,405,73432143974,73432143974,1,20151001,20991231,1,1
105,405,73432143976,73432143976,1,20151001,20991231,1,1
105,405,73432143979,73432143980,1,20151001,20991231,1,1
105,405,73432143984,73432143985,1,20151001,20991231,1,1
105,405,73432143986,73432143987,1,20151001,20991231,1,1
105,405,73432143989,73432143989,1,20151001,20991231,1,1
105,405,73432143990,73432143991,1,20151001,20991231,1,1
105,405,73432143995,73432143995,1,20151001,20991231,1,1
105,405,73432143996,73432143996,1,20151001,20991231,1,1
105,405,73432143997,73432143999,1,20151001,20991231,1,1
105,405,73432144001,73432144001,1,20151001,20991231,1,1
105,405,73432144004,73432144004,1,20151001,20991231,1,1
105,405,73432144007,73432144007,1,20151001,20991231,1,1
105,405,73432144008,73432144010,1,20151001,20991231,1,1
105,405,73432144013,73432144015,1,20151001,20991231,1,1
105,405,73432144016,73432144016,1,20151001,20991231,1,1
105,405,73432144018,73432144018,1,20151001,20991231,1,1
105,405,73432144020,73432144021,1,20151001,20991231,1,1
105,405,73432144022,73432144023,1,20151001,20991231,1,1
105,405,73432144025,73432144027,1,20151001,20991231,1,1
105,405,73432144028,73432144028,1,20151001,20991231,1,1
105,405,73432144033,73432144033,1,20151001,20991231,1,1
105,405,73432144035,73432144035,1,20151001,20991231,1,1
105,405,73432144037,73432144038,1,20151001,20991231,1,1
105,405,73432144041,73432144041,1,20151001,20991231,1,1
105,405,73432144046,73432144046,1,20151001,20991231,1,1
105,405,73432144047,73432144047,1,20151001,20991231,1,1
105,405,73432144049,73432144049,1,20151001,20991231,1,1
105,405,73432144055,73432144055,1,20151001,20991231,1,1
105,405,73432144057,73432144057,1,20151001,20991231,1,1
105,405,73432144062,73432144064,1,20151001,20991231,1,1
105,405,73432144065,73432144065,1,20151001,20991231,1,1
105,405,73432144066,73432144066,1,20151001,20991231,1,1
105,405,73432144071,73432144071,1,20151001,20991231,1,1
105,405,73432144074,73432144074,1,20151001,20991231,1,1
105,405,73432144076,73432144076,1,20151001,20991231,1,1
105,405,73432144078,73432144078,1,20151001,20991231,1,1
105,405,73432144080,73432144080,1,20151001,20991231,1,1
105,405,73432144082,73432144082,1,20151001,20991231,1,1
105,405,73432144087,73432144087,1,20151001,20991231,1,1
105,405,73432144090,73432144090,1,20151001,20991231,1,1
105,405,73432144091,73432144091,1,20151001,20991231,1,1
105,405,73432144093,73432144093,1,20151001,20991231,1,1
105,405,73432144095,73432144096,1,20151001,20991231,1,1
105,405,73432144099,73432144099,1,20151001,20991231,1,1
105,405,73432144102,73432144102,1,20151001,20991231,1,1
105,405,73432144103,73432144103,1,20151001,20991231,1,1
105,405,73432144105,73432144105,1,20151001,20991231,1,1
105,405,73432144107,73432144107,1,20151001,20991231,1,1
105,405,73432144111,73432144111,1,20151001,20991231,1,1
105,405,73432144112,73432144114,1,20151001,20991231,1,1
105,405,73432144118,73432144118,1,20151001,20991231,1,1
105,405,73432144122,73432144122,1,20151001,20991231,1,1
105,405,73432144124,73432144125,1,20151001,20991231,1,1
105,405,73432144127,73432144127,1,20151001,20991231,1,1
105,405,73432144129,73432144129,1,20151001,20991231,1,1
105,405,73432144131,73432144133,1,20151001,20991231,1,1
105,405,73432144134,73432144135,1,20151001,20991231,1,1
105,405,73432144137,73432144138,1,20151001,20991231,1,1
105,405,73432144140,73432144140,1,20151001,20991231,1,1
105,405,73432144141,73432144141,1,20151001,20991231,1,1
105,405,73432144145,73432144145,1,20151001,20991231,1,1
105,405,73432144147,73432144147,1,20151001,20991231,1,1
105,405,73432144150,73432144150,1,20151001,20991231,1,1
105,405,73432144156,73432144156,1,20151001,20991231,1,1
105,405,73432144158,73432144158,1,20151001,20991231,1,1
105,405,73432144160,73432144160,1,20151001,20991231,1,1
105,405,73432144164,73432144166,1,20151001,20991231,1,1
105,405,73432144170,73432144170,1,20151001,20991231,1,1
105,405,73432144172,73432144172,1,20151001,20991231,1,1
105,405,73432144174,73432144175,1,20151001,20991231,1,1
105,405,73432144176,73432144176,1,20151001,20991231,1,1
105,405,73432144178,73432144179,1,20151001,20991231,1,1
105,405,73432144183,73432144183,1,20151001,20991231,1,1
105,405,73432144184,73432144186,1,20151001,20991231,1,1
105,405,73432144187,73432144192,1,20151001,20991231,1,1
105,405,73432144193,73432144193,1,20151001,20991231,1,1
105,405,73432144197,73432144197,1,20151001,20991231,1,1
105,405,73432144199,73432144199,1,20151001,20991231,1,1
105,405,73432144200,73432144200,1,20151001,20991231,1,1
105,405,73432144201,73432144201,1,20151001,20991231,1,1
105,405,73432144202,73432144202,1,20151001,20991231,1,1
105,405,73432144204,73432144204,1,20151001,20991231,1,1
105,405,73432144210,73432144210,1,20151001,20991231,1,1
105,405,73432144211,73432144211,1,20151001,20991231,1,1
105,405,73432144212,73432144212,1,20151001,20991231,1,1
105,405,73432144214,73432144214,1,20151001,20991231,1,1
105,405,73432144216,73432144218,1,20151001,20991231,1,1
105,405,73432144220,73432144220,1,20151001,20991231,1,1
105,405,73432144221,73432144221,1,20151001,20991231,1,1
105,405,73432144226,73432144228,1,20151001,20991231,1,1
105,405,73432144231,73432144231,1,20151001,20991231,1,1
105,405,73432144233,73432144233,1,20151001,20991231,1,1
105,405,73432144234,73432144234,1,20151001,20991231,1,1
105,405,73432144236,73432144236,1,20151001,20991231,1,1
105,405,73432144237,73432144237,1,20151001,20991231,1,1
105,405,73432144240,73432144241,1,20151001,20991231,1,1
105,405,73432144243,73432144244,1,20151001,20991231,1,1
105,405,73432144247,73432144252,1,20151001,20991231,1,1
105,405,73432144254,73432144254,1,20151001,20991231,1,1
105,405,73432144260,73432144260,1,20151001,20991231,1,1
105,405,73432144262,73432144262,1,20151001,20991231,1,1
105,405,73432144265,73432144266,1,20151001,20991231,1,1
105,405,73432144270,73432144270,1,20151001,20991231,1,1
105,405,73432144274,73432144274,1,20151001,20991231,1,1
105,405,73432144276,73432144276,1,20151001,20991231,1,1
105,405,73432144278,73432144278,1,20151001,20991231,1,1
105,405,73432144281,73432144282,1,20151001,20991231,1,1
105,405,73432144283,73432144284,1,20151001,20991231,1,1
105,405,73432144285,73432144288,1,20151001,20991231,1,1
105,405,73432144292,73432144293,1,20151001,20991231,1,1
105,405,73432144298,73432144299,1,20151001,20991231,1,1
105,405,73432144301,73432144301,1,20151001,20991231,1,1
105,405,73432144303,73432144303,1,20151001,20991231,1,1
105,405,73432144306,73432144307,1,20151001,20991231,1,1
105,405,73432144312,73432144312,1,20151001,20991231,1,1
105,405,73432144314,73432144314,1,20151001,20991231,1,1
105,405,73432144316,73432144317,1,20151001,20991231,1,1
105,405,73432144320,73432144320,1,20151001,20991231,1,1
105,405,73432144322,73432144322,1,20151001,20991231,1,1
105,405,73432144326,73432144326,1,20151001,20991231,1,1
105,405,73432144327,73432144327,1,20151001,20991231,1,1
105,405,73432144328,73432144328,1,20151001,20991231,1,1
105,405,73432144329,73432144329,1,20151001,20991231,1,1
105,405,73432144332,73432144332,1,20151001,20991231,1,1
105,405,73432144334,73432144334,1,20151001,20991231,1,1
105,405,73432144339,73432144339,1,20151001,20991231,1,1
105,405,73432144340,73432144340,1,20151001,20991231,1,1
105,405,73432144348,73432144348,1,20151001,20991231,1,1
105,405,73432144350,73432144350,1,20151001,20991231,1,1
105,405,73432144351,73432144354,1,20151001,20991231,1,1
105,405,73432144361,73432144361,1,20151001,20991231,1,1
105,405,73432144367,73432144367,1,20151001,20991231,1,1
105,405,73432144369,73432144370,1,20151001,20991231,1,1
105,405,73432144375,73432144375,1,20151001,20991231,1,1
105,405,73432144377,73432144378,1,20151001,20991231,1,1
105,405,73432144379,73432144379,1,20151001,20991231,1,1
105,405,73432144384,73432144384,1,20151001,20991231,1,1
105,405,73432144386,73432144386,1,20151001,20991231,1,1
105,405,73432144388,73432144389,1,20151001,20991231,1,1
105,405,73432144392,73432144392,1,20151001,20991231,1,1
105,405,73432144393,73432144393,1,20151001,20991231,1,1
105,405,73432144396,73432144396,1,20151001,20991231,1,1
105,405,73432144398,73432144398,1,20151001,20991231,1,1
105,405,73432144404,73432144404,1,20151001,20991231,1,1
105,405,73432144407,73432144408,1,20151001,20991231,1,1
105,405,73432144409,73432144409,1,20151001,20991231,1,1
105,405,73432144413,73432144413,1,20151001,20991231,1,1
105,405,73432144415,73432144416,1,20151001,20991231,1,1
105,405,73432144418,73432144418,1,20151001,20991231,1,1
105,405,73432144419,73432144419,1,20151001,20991231,1,1
105,405,73432144422,73432144423,1,20151001,20991231,1,1
105,405,73432144426,73432144426,1,20151001,20991231,1,1
105,405,73432144430,73432144430,1,20151001,20991231,1,1
105,405,73432144435,73432144435,1,20151001,20991231,1,1
105,405,73432144436,73432144436,1,20151001,20991231,1,1
105,405,73432144437,73432144437,1,20151001,20991231,1,1
105,405,73432144439,73432144440,1,20151001,20991231,1,1
105,405,73432144446,73432144446,1,20151001,20991231,1,1
105,405,73432144448,73432144448,1,20151001,20991231,1,1
105,405,73432144449,73432144449,1,20151001,20991231,1,1
105,405,73432144451,73432144451,1,20151001,20991231,1,1
105,405,73432144453,73432144454,1,20151001,20991231,1,1
105,405,73432144458,73432144458,1,20151001,20991231,1,1
105,405,73432144460,73432144460,1,20151001,20991231,1,1
105,405,73432144462,73432144462,1,20151001,20991231,1,1
105,405,73432144465,73432144465,1,20151001,20991231,1,1
105,405,73432144467,73432144467,1,20151001,20991231,1,1
105,405,73432144468,73432144470,1,20151001,20991231,1,1
105,405,73432144475,73432144475,1,20151001,20991231,1,1
105,405,73432144477,73432144477,1,20151001,20991231,1,1
105,405,73432144479,73432144479,1,20151001,20991231,1,1
105,405,73432144480,73432144480,1,20151001,20991231,1,1
105,405,73432144482,73432144482,1,20151001,20991231,1,1
105,405,73432144485,73432144488,1,20151001,20991231,1,1
105,405,73432144491,73432144492,1,20151001,20991231,1,1
105,405,73432144494,73432144495,1,20151001,20991231,1,1
105,405,73432144496,73432144497,1,20151001,20991231,1,1
105,405,73432144499,73432144499,1,20151001,20991231,1,1
105,405,73432144502,73432144502,1,20151001,20991231,1,1
105,405,73432144506,73432144506,1,20151001,20991231,1,1
105,405,73432144508,73432144508,1,20151001,20991231,1,1
105,405,73432144510,73432144510,1,20151001,20991231,1,1
105,405,73432144513,73432144515,1,20151001,20991231,1,1
105,405,73432144517,73432144517,1,20151001,20991231,1,1
105,405,73432144519,73432144520,1,20151001,20991231,1,1
105,405,73432144523,73432144524,1,20151001,20991231,1,1
105,405,73432144527,73432144527,1,20151001,20991231,1,1
105,405,73432144530,73432144531,1,20151001,20991231,1,1
105,405,73432144535,73432144535,1,20151001,20991231,1,1
105,405,73432144537,73432144540,1,20151001,20991231,1,1
105,405,73432144543,73432144543,1,20151001,20991231,1,1
105,405,73432144547,73432144547,1,20151001,20991231,1,1
105,405,73432144548,73432144550,1,20151001,20991231,1,1
105,405,73432144552,73432144552,1,20151001,20991231,1,1
105,405,73432144553,73432144553,1,20151001,20991231,1,1
105,405,73432144556,73432144556,1,20151001,20991231,1,1
105,405,73432144560,73432144562,1,20151001,20991231,1,1
105,405,73432144565,73432144565,1,20151001,20991231,1,1
105,405,73432144567,73432144569,1,20151001,20991231,1,1
105,405,73432144571,73432144571,1,20151001,20991231,1,1
105,405,73432144573,73432144573,1,20151001,20991231,1,1
105,405,73432144579,73432144579,1,20151001,20991231,1,1
105,405,73432144581,73432144584,1,20151001,20991231,1,1
105,405,73432144585,73432144585,1,20151001,20991231,1,1
105,405,73432144589,73432144589,1,20151001,20991231,1,1
105,405,73432144591,73432144592,1,20151001,20991231,1,1
105,405,73432144595,73432144595,1,20151001,20991231,1,1
105,405,73432144599,73432144600,1,20151001,20991231,1,1
105,405,73432144606,73432144606,1,20151001,20991231,1,1
105,405,73432144607,73432144609,1,20151001,20991231,1,1
105,405,73432144613,73432144613,1,20151001,20991231,1,1
105,405,73432144614,73432144614,1,20151001,20991231,1,1
105,405,73432144615,73432144618,1,20151001,20991231,1,1
105,405,73432144620,73432144621,1,20151001,20991231,1,1
105,405,73432144623,73432144623,1,20151001,20991231,1,1
105,405,73432144625,73432144625,1,20151001,20991231,1,1
105,405,73432144626,73432144626,1,20151001,20991231,1,1
105,405,73432144628,73432144628,1,20151001,20991231,1,1
105,405,73432144630,73432144630,1,20151001,20991231,1,1
105,405,73432144631,73432144631,1,20151001,20991231,1,1
105,405,73432144632,73432144633,1,20151001,20991231,1,1
105,405,73432144635,73432144635,1,20151001,20991231,1,1
105,405,73432144636,73432144636,1,20151001,20991231,1,1
105,405,73432144640,73432144640,1,20151001,20991231,1,1
105,405,73432144641,73432144641,1,20151001,20991231,1,1
105,405,73432144645,73432144645,1,20151001,20991231,1,1
105,405,73432144647,73432144647,1,20151001,20991231,1,1
105,405,73432144651,73432144651,1,20151001,20991231,1,1
105,405,73432144654,73432144654,1,20151001,20991231,1,1
105,405,73432144656,73432144656,1,20151001,20991231,1,1
105,405,73432144659,73432144660,1,20151001,20991231,1,1
105,405,73432144668,73432144668,1,20151001,20991231,1,1
105,405,73432144682,73432144683,1,20151001,20991231,1,1
105,405,73432144686,73432144686,1,20151001,20991231,1,1
105,405,73432144687,73432144687,1,20151001,20991231,1,1
105,405,73432144688,73432144691,1,20151001,20991231,1,1
105,405,73432144692,73432144693,1,20151001,20991231,1,1
105,405,73432144694,73432144696,1,20151001,20991231,1,1
105,405,73432144706,73432144706,1,20151001,20991231,1,1
105,405,73432144708,73432144708,1,20151001,20991231,1,1
105,405,73432144713,73432144714,1,20151001,20991231,1,1
105,405,73432144715,73432144715,1,20151001,20991231,1,1
105,405,73432144716,73432144716,1,20151001,20991231,1,1
105,405,73432144718,73432144718,1,20151001,20991231,1,1
105,405,73432144720,73432144720,1,20151001,20991231,1,1
105,405,73432144723,73432144725,1,20151001,20991231,1,1
105,405,73432144726,73432144726,1,20151001,20991231,1,1
105,405,73432144729,73432144729,1,20151001,20991231,1,1
105,405,73432144731,73432144733,1,20151001,20991231,1,1
105,405,73432144735,73432144737,1,20151001,20991231,1,1
105,405,73432144738,73432144738,1,20151001,20991231,1,1
105,405,73432144739,73432144741,1,20151001,20991231,1,1
105,405,73432144743,73432144743,1,20151001,20991231,1,1
105,405,73432144746,73432144746,1,20151001,20991231,1,1
105,405,73432144749,73432144750,1,20151001,20991231,1,1
105,405,73432144754,73432144754,1,20151001,20991231,1,1
105,405,73432144756,73432144756,1,20151001,20991231,1,1
105,405,73432144760,73432144760,1,20151001,20991231,1,1
105,405,73432144764,73432144764,1,20151001,20991231,1,1
105,405,73432144767,73432144767,1,20151001,20991231,1,1
105,405,73432144770,73432144770,1,20151001,20991231,1,1
105,405,73432144774,73432144774,1,20151001,20991231,1,1
105,405,73432144777,73432144778,1,20151001,20991231,1,1
105,405,73432144780,73432144780,1,20151001,20991231,1,1
105,405,73432144782,73432144782,1,20151001,20991231,1,1
105,405,73432144783,73432144783,1,20151001,20991231,1,1
105,405,73432144784,73432144784,1,20151001,20991231,1,1
105,405,73432144787,73432144787,1,20151001,20991231,1,1
105,405,73432144789,73432144789,1,20151001,20991231,1,1
105,405,73432144790,73432144790,1,20151001,20991231,1,1
105,405,73432144791,73432144793,1,20151001,20991231,1,1
105,405,73432144795,73432144796,1,20151001,20991231,1,1
105,405,73432144800,73432144800,1,20151001,20991231,1,1
105,405,73432144803,73432144805,1,20151001,20991231,1,1
105,405,73432144807,73432144807,1,20151001,20991231,1,1
105,405,73432144809,73432144809,1,20151001,20991231,1,1
105,405,73432144811,73432144811,1,20151001,20991231,1,1
105,405,73432144814,73432144814,1,20151001,20991231,1,1
105,405,73432144815,73432144816,1,20151001,20991231,1,1
105,405,73432144818,73432144818,1,20151001,20991231,1,1
105,405,73432144821,73432144821,1,20151001,20991231,1,1
105,405,73432144824,73432144824,1,20151001,20991231,1,1
105,405,73432144826,73432144826,1,20151001,20991231,1,1
105,405,73432144827,73432144827,1,20151001,20991231,1,1
105,405,73432144828,73432144829,1,20151001,20991231,1,1
105,405,73432144833,73432144834,1,20151001,20991231,1,1
105,405,73432144839,73432144840,1,20151001,20991231,1,1
105,405,73432144842,73432144842,1,20151001,20991231,1,1
105,405,73432144845,73432144845,1,20151001,20991231,1,1
105,405,73432144846,73432144847,1,20151001,20991231,1,1
105,405,73432144850,73432144850,1,20151001,20991231,1,1
105,405,73432144851,73432144851,1,20151001,20991231,1,1
105,405,73432144852,73432144853,1,20151001,20991231,1,1
105,405,73432144855,73432144858,1,20151001,20991231,1,1
105,405,73432144860,73432144860,1,20151001,20991231,1,1
105,405,73432144863,73432144865,1,20151001,20991231,1,1
105,405,73432144867,73432144867,1,20151001,20991231,1,1
105,405,73432144869,73432144870,1,20151001,20991231,1,1
105,405,73432144872,73432144872,1,20151001,20991231,1,1
105,405,73432144874,73432144874,1,20151001,20991231,1,1
105,405,73432144875,73432144875,1,20151001,20991231,1,1
105,405,73432144876,73432144876,1,20151001,20991231,1,1
105,405,73432144877,73432144881,1,20151001,20991231,1,1
105,405,73432144883,73432144883,1,20151001,20991231,1,1
105,405,73432144887,73432144887,1,20151001,20991231,1,1
105,405,73432144891,73432144891,1,20151001,20991231,1,1
105,405,73432144894,73432144894,1,20151001,20991231,1,1
105,405,73432144895,73432144896,1,20151001,20991231,1,1
105,405,73432144898,73432144898,1,20151001,20991231,1,1
105,405,73432144899,73432144899,1,20151001,20991231,1,1
105,405,73432144901,73432144901,1,20151001,20991231,1,1
105,405,73432144904,73432144906,1,20151001,20991231,1,1
105,405,73432144908,73432144908,1,20151001,20991231,1,1
105,405,73432144911,73432144911,1,20151001,20991231,1,1
105,405,73432144912,73432144912,1,20151001,20991231,1,1
105,405,73432144915,73432144915,1,20151001,20991231,1,1
105,405,73432144917,73432144918,1,20151001,20991231,1,1
105,405,73432144919,73432144919,1,20151001,20991231,1,1
105,405,73432144923,73432144923,1,20151001,20991231,1,1
105,405,73432144925,73432144926,1,20151001,20991231,1,1
105,405,73432144927,73432144929,1,20151001,20991231,1,1
105,405,73432144931,73432144932,1,20151001,20991231,1,1
105,405,73432144933,73432144933,1,20151001,20991231,1,1
105,405,73432144934,73432144936,1,20151001,20991231,1,1
105,405,73432144937,73432144937,1,20151001,20991231,1,1
105,405,73432144940,73432144941,1,20151001,20991231,1,1
105,405,73432144943,73432144943,1,20151001,20991231,1,1
105,405,73432144944,73432144947,1,20151001,20991231,1,1
105,405,73432144949,73432144949,1,20151001,20991231,1,1
105,405,73432144950,73432144950,1,20151001,20991231,1,1
105,405,73432144953,73432144954,1,20151001,20991231,1,1
105,405,73432144956,73432144956,1,20151001,20991231,1,1
105,405,73432144959,73432144962,1,20151001,20991231,1,1
105,405,73432144964,73432144965,1,20151001,20991231,1,1
105,405,73432144967,73432144967,1,20151001,20991231,1,1
105,405,73432144970,73432144970,1,20151001,20991231,1,1
105,405,73432144975,73432144975,1,20151001,20991231,1,1
105,405,73432144978,73432144978,1,20151001,20991231,1,1
105,405,73432144980,73432144980,1,20151001,20991231,1,1
105,405,73432144983,73432144983,1,20151001,20991231,1,1
105,405,73432144985,73432144985,1,20151001,20991231,1,1
105,405,73432144986,73432144986,1,20151001,20991231,1,1
105,405,73432144987,73432144987,1,20151001,20991231,1,1
105,405,73432144991,73432144992,1,20151001,20991231,1,1
105,405,73432144997,73432144997,1,20151001,20991231,1,1
105,405,73432144999,73432144999,1,20151001,20991231,1,1
105,405,73432145001,73432145001,1,20151001,20991231,1,1
105,405,73432145006,73432145008,1,20151001,20991231,1,1
